[
  {
    "question": "De acordo com a Associação Internacional de Estudos para Dor (IASP) em 2020, como a dor é primariamente definida?",
    "options": [
      "Uma resposta puramente fisiológica a um estímulo nociceptivo real.",
      "Uma sensação puramente sensitiva, objetiva e mensurável no sistema nervoso central.",
      "Uma experiência sensitiva e emocional desagradável associada ou semelhante a uma lesão tecidual real ou potencial.",
      "O resultado exclusivo de um trauma físico, sem componentes subjetivos.",
      "A incapacidade de realizar tarefas diárias devido a um dano estrutural."
    ],
    "correctIndex": 2,
    "explanation": "A IASP (2020) define dor como uma experiência subjetiva, sendo uma experiência sensitiva e emocional desagradável, associada ou semelhante a uma lesão real ou potencial [1, 2].",
    "type": "conteudista"
  },
  {
    "question": "Qual é a faixa etária em que a lombalgia é considerada o problema de saúde mais comum e qual a prevalência aproximada na população adulta?",
    "options": [
      "Entre 65 e 75 anos, com prevalência de 5% a 10% na população adulta.",
      "Entre 15 e 64 anos, com prevalência de 14% a 22% na população adulta.",
      "Entre 5 e 14 anos, com prevalência de 30% devido a atividades físicas.",
      "Em todas as faixas etárias, com prevalência estável de 50%.",
      "Apenas na população idosa, acima de 75 anos, devido à degeneração articular."
    ],
    "correctIndex": 1,
    "explanation": "A lombalgia é o problema de saúde mais comum entre 15 e 64 anos e afeta cerca de 14% a 22% da população adulta [3, 4].",
    "type": "conteudista"
  },
  {
    "question": "Qual o principal impacto socioeconômico da dor lombar no Brasil, conforme dados de 2019?",
    "options": [
      "Causa maior de mortes prematuras.",
      "A maior causa de anos vividos com incapacidade entre os brasileiros.",
      "A principal causa de internações hospitalares em adolescentes.",
      "O fator que mais contribui para o aumento da expectativa de vida.",
      "A maior causa de faltas escolares no ensino fundamental."
    ],
    "correctIndex": 1,
    "explanation": "A dor lombar é a maior causa de anos vividos com incapacidade entre os brasileiros, conforme estudo realizado em 2019 [3, 4].",
    "type": "conteudista"
  },
  {
    "question": "Qual o percentual de pessoas que relataram faltar ao serviço por conta de dor lombar e qual a consequência trabalhista mais impactante dessa condição?",
    "options": [
      "10% de faltas e causa secundária de afastamento.",
      "50% de faltas e causa principal de liberação para trabalho voluntário.",
      "30% de faltas e principal causa de liberação trabalhista e aposentadoria precoce.",
      "70% de faltas, sendo a segunda causa de internação.",
      "5% de faltas, não gerando impacto significativo."
    ],
    "correctIndex": 2,
    "explanation": "Cerca de 30% das pessoas relataram falta no serviço por dor lombar, e é a principal causa de liberação trabalhista e aposentadoria precoce [4, 5].",
    "type": "conteudista"
  },
  {
    "question": "Quais são os três principais componentes ou categorias fisiopatológicas da experiência da dor?",
    "options": [
      "Dor somática, visceral e neuropática.",
      "Dor aguda, subaguda e crônica.",
      "Dor nociceptiva, neuropática e nociplástica.",
      "Dor de repouso, de movimento e de exercício.",
      "Dor leve, moderada e severa."
    ],
    "correctIndex": 2,
    "explanation": "Os três principais componentes da experiência da dor são a dor nociceptiva (estímulo doloroso clássico), a dor neuropática (acometimento nervoso) e a dor nociplástica (modulação neurosensitiva sem lesão nervosa clara) [6, 7].",
    "type": "conteudista"
  },
  {
    "question": "Além dos componentes sensitivos e emocionais, quais outros fatores foram citados como influenciadores da experiência dolorosa, reforçando a multidimensionalidade do quadro?",
    "options": [
      "Fatores exclusivamente genéticos e hereditários.",
      "Fatores psicossociais e motores.",
      "Apenas o uso de medicamentos opioides.",
      "Somente o nível de atividade física do paciente.",
      "O tipo de alimentação e a ingestão de água."
    ],
    "correctIndex": 1,
    "explanation": "Outras dimensões, como fatores psicossociais e motores, também estão relacionadas à experiência dolorosa, tornando a dor uma experiência complexa [7].",
    "type": "conteudista"
  },
  {
    "question": "O Método Clínico Centrado na Pessoa (MCCP) é essencial na abordagem da dor, por que ele é considerado o método adequado para lidar com a dor lombar?",
    "options": [
      "Porque o MCCP é o único método que permite prescrever medicamentos controlados.",
      "Porque a lombalgia é puramente mecânica, e o MCCP foca na biomecânica.",
      "Porque a dor é uma experiência subjetiva, e olhar para a pessoa como um todo e para a 'experiência do adoecimento' é crucial, ao invés de focar apenas na doença (dor).",
      "Porque o MCCP exige o pedido imediato de exames de ressonância magnética.",
      "Porque este método exclui a necessidade de exame físico."
    ],
    "correctIndex": 2,
    "explanation": "Se a dor é uma experiência subjetiva, não faz sentido olhar para ela com um método centrado na doença. O MCCP exige que o cuidado seja centrado na pessoa, entendendo sua experiência de adoecimento para ser eficaz [2, 8, 9].",
    "type": "conteudista"
  },
  {
    "question": "A Lombalgia Localizada é definida como a dor percebida em qual região anatômica?",
    "options": [
      "Entre a nuca e os ombros.",
      "Abaixo dos joelhos e nos pés.",
      "Entre as últimas costelas e a prega glútea.",
      "Apenas na região do sacro e cóccix.",
      "Entre o cotovelo e o punho."
    ],
    "correctIndex": 2,
    "explanation": "Dor lombar é definida como uma dor percebida entre as últimas costelas e a prega glútea [10, 11].",
    "type": "conteudista"
  },
  {
    "question": "Em relação à 'Determinação Social do Processo Saúde-Doença' (Breilh), o que o médico deve considerar ao abordar a dor lombar de um paciente?",
    "options": [
      "Apenas a predisposição genética do paciente.",
      "As bases da sociedade, como ela está estruturada e as relações das pessoas com o território onde vivem.",
      "Somente a capacidade individual de resiliência ao estresse.",
      "A exclusão de fatores ambientais e sociais na etiologia da dor.",
      "O enfoque apenas em exames de imagem complexos."
    ],
    "correctIndex": 1,
    "explanation": "A determinação social requer que se olhe para 'como essa sociedade funciona, quais são as bases dessa sociedade, como ela tá estruturada, como que as pessoas se relacionam com outras pessoas ou com a natureza onde elas vivem', pois isso gera o adoecimento [2, 12].",
    "type": "conteudista"
  },
  {
    "question": "Qual é a musculatura que, quando acometida em uma lombalgia localizada (ritmo mecânico), geralmente gera queixa de 'piora ao virar na cama'?",
    "options": [
      "Glúteo máximo.",
      "Musculatura paravertebral (envolvida na estabilização da coluna e rotação).",
      "Quadríceps femoral.",
      "Músculos abdominais.",
      "Psoas maior."
    ],
    "correctIndex": 1,
    "explanation": "A dor na musculatura paravertebral (que auxilia na estabilização da coluna e nos movimentos rotatórios) costuma piorar ao virar na cama ou ao fazer movimentos rotatórios [13, 14].",
    "type": "conteudista"
  },
  {
    "question": "A lombalgia que se irradia abaixo do joelho era classicamente chamada de lombociatalgia. Qual é o novo termo recomendado pela IASP (2023) para essa condição?",
    "options": [
      "Dor neuropática de quadril.",
      "Síndrome da cauda equina.",
      "Dor em perna associada à coluna.",
      "Radiculopatia de tronco.",
      "Meralgia parestésica."
    ],
    "correctIndex": 2,
    "explanation": "A IASP (2023) está abolindo o termo lombociatalgia e recomendando o uso de 'dor em perna associada à coluna' para as dores irradiadas abaixo do joelho [11, 15, 16].",
    "type": "conteudista"
  },
  {
    "question": "Qual é a porcentagem aproximada de pacientes que chegam com o padrão clássico de dor irradiada ('lombociatalgia') que, ao realizar uma Ressonância Magnética (RM), não apresentam lesão estrutural?",
    "options": [
      "Menos de 10% (a maioria tem lesão).",
      "Cerca de 80% (o que torna a RM um exame inútil).",
      "Até 60% (2 a 3 em cada 5), indicando baixa correlação direta entre dor e achados radiológicos.",
      "100% (a dor é sempre puramente psicossomática).",
      "Apenas 1% em pacientes jovens."
    ],
    "correctIndex": 2,
    "explanation": "Até 60% das pessoas que chegam com o padrão de dor irradiada não apresentam achados de lesão em ressonância magnética, demonstrando que a dor nem sempre tem correlação direta com a estrutura [11, 16, 17].",
    "type": "conteudista"
  },
  {
    "question": "Na abordagem da dor na Atenção Primária à Saúde (APS), o acrônimo PQRST é utilizado. O que representa o 'R' e o 'T' neste método de qualificação e quantificação da dor?",
    "options": [
      "Pior e Tolerância.",
      "Prevenção e Tratamento.",
      "Região/Irradiação e Tempo/Duração.",
      "Repouso e Testes.",
      "Ritmo e Tonalidade."
    ],
    "correctIndex": 2,
    "explanation": "O acrônimo PQRST na abordagem da dor significa: P (Provoca/Palia), Q (Qualidade), R (Região), S (Severidade) e T (Tempo/Duração) [18, 19].",
    "type": "conteudista"
  },
  {
    "question": "Qual é a principal linha de tratamento farmacológico para lombalgia, baseada em evidências, recomendada para uso a curto prazo, diferentemente dos analgésicos simples?",
    "options": [
      "Opioides de alta potência.",
      "Analgésicos simples (dipirona/paracetamol).",
      "Anti-inflamatórios não esteroidais (AINEs).",
      "Anticonvulsivantes (Gabapentinoides) como primeira linha.",
      "Injeções de toxina botulínica."
    ],
    "correctIndex": 2,
    "explanation": "A primeira linha de tratamento farmacológico baseada em evidências é o uso de anti-inflamatórios não esteroidais (AINEs) a curto prazo, sendo os analgésicos simples menos efetivos para lombalgia [20].",
    "type": "conteudista"
  },
  {
    "question": "No contexto do impacto psicossocial da dor, quais fatores foram citados como estando nas 'camadas mais profundas' do 'iceberg' da dor?",
    "options": [
      "Apenas a compressão de raízes nervosas.",
      "Apenas o uso incorreto de calçados.",
      "Tristeza, solidão, falta de prazer, estresse, ansiedade e fome.",
      "O excesso de sono e a ausência de trabalho.",
      "A presença exclusiva de dor nociceptiva."
    ],
    "correctIndex": 2,
    "explanation": "As camadas profundas da dor (o 'iceberg') incluem fatores psicossociais e existenciais como tristeza, solidão, saudade, falta de prazer, cansaço, desemprego, estresse, ansiedade e fome [21-23].",
    "type": "conteudista"
  },
  {
    "question": "Um paciente relata lombalgia que piora substancialmente ao tentar virar na cama e ao se levantar de manhã, mas melhora significativamente com a atividade ao longo do dia. Qual o ritmo e o principal componente muscular/esquelético sugerido por essa descrição, e como isso impacta o diagnóstico diferencial?",
    "options": [
      "Ritmo neuropático, sugerindo Otosclerose ou Neuropatia Periférica.",
      "Ritmo vascular, sugerindo isquemia por claudicação intermitente.",
      "Ritmo mecânico, sugerindo envolvimento da musculatura paravertebral e estabilizadores da coluna.",
      "Ritmo inflamatório, sugerindo espondiloartropatia e necessidade de anti-inflamatórios crônicos.",
      "Ritmo central, sugerindo fibromialgia e necessidade de terapia com opioides."
    ],
    "correctIndex": 2,
    "explanation": "O ritmo mecânico é caracterizado pela dor que piora com o movimento ou com posturas prolongadas (como ao acordar/virar na cama) e pode estar associado ao sistema muscular e esquelético (musculatura paravertebral, que faz rotação e estabilização) [14, 24].",
    "type": "raciocínio"
  },
  {
    "question": "Um paciente com lombalgia crônica relata que a dor se intensifica em períodos de estresse familiar e desemprego, e ele não apresenta lesão significativa na RM. Aplicando o Método Clínico Centrado na Pessoa (MCCP), qual deve ser o foco principal da abordagem inicial do médico?",
    "options": [
      "Encaminhar imediatamente para cirurgia de coluna.",
      "Focar apenas na prescrição de relaxantes musculares e anti-inflamatórios.",
      "Dar enfoque na 'experiência do adoecimento', valorizando a dor como tristeza/estresse/desemprego e abordando os determinantes sociais e psicossociais, além de considerar a sensibilização central.",
      "Comunicar ao paciente que a dor é imaginária, visto que a RM é normal.",
      "Solicitar um novo exame de imagem imediatamente."
    ],
    "correctIndex": 2,
    "explanation": "O MCCP exige que o médico dê enfoque à experiência do adoecimento, alcançando as camadas profundas do iceberg (tristeza, estresse, desemprego) [9, 21, 22]. O tratamento deve transcender a doença, focando na pessoa e nos fatores psicossociais, que podem perpetuar a dor (sensibilização central) [8, 22].",
    "type": "raciocínio"
  },
  {
    "question": "O conceito de 'Sensibilização Central' na dor crônica é comparado à figura do 'secretário sobrecarregado' que 'surta' (burnout) e não consegue mais inibir estímulos. Qual é a correlação clínica dessa sensibilização com a experiência dolorosa do paciente?",
    "options": [
      "A dor se torna menos intensa e fácil de modular.",
      "A dor é sempre puramente nociceptiva, respondendo bem a analgésicos simples.",
      "O sistema nervoso central (medula/encéfalo) amplifica os estímulos dolorosos periféricos, transformando uma dor simples em uma experiência muito mais intensa e difusa, exigindo uma abordagem focada em neuromoduladores (ex: tricíclicos).",
      "A sensibilização central só ocorre em casos de compressão medular grave.",
      "É um fenômeno que só ocorre em pacientes idosos."
    ],
    "correctIndex": 2,
    "explanation": "A sensibilização central envolve modulação neuroimunológica e intensifica a experiência dolorosa. O que era um estímulo adequado deixa de ter a mesma percepção, tornando o paciente hipersensível, pois as estruturas do SNC (diretoria/secretários) falham na modulação inibitória [25, 26].",
    "type": "raciocínio"
  },
  {
    "question": "A dor lombar de um trabalhador em uma fábrica é recorrente, assim como a de vários outros colegas que exercem a mesma função. Como o conceito de 'Saúde do Trabalhador' orienta a ação do médico de família, diferentemente da Medicina Ocupacional tradicional?",
    "options": [
      "O médico deve prescrever AINEs e relaxantes para todos, sem questionar o ambiente de trabalho.",
      "O médico deve olhar para o processo de trabalho e a organização da atividade, questionando se o problema reside no trabalho em si, e deve notificar a doença ocupacional (compulsória), visando a modificação da organização do trabalho.",
      "O foco deve ser apenas em exames de sangue para descartar infecção.",
      "A Medicina Ocupacional exige que o médico se concentre apenas nas intervenções no indivíduo.",
      "O médico deve apenas sugerir mudança de estilo de vida para todos os trabalhadores."
    ],
    "correctIndex": 1,
    "explanation": "Saúde do Trabalhador (em contraste com Medicina Ocupacional) foca no processo de trabalho, organização e atividade. Se o problema for sistêmico (várias pessoas com a mesma queixa), o médico deve ir na raiz das causas, modificar o trabalho e realizar a notificação compulsória [20, 27, 28].",
    "type": "raciocínio"
  },
  {
    "question": "Ao avaliar achados de degeneração em exames de imagem em pacientes assintomáticos (ex: 30% das pessoas de 40 anos terem uma hérnia), qual é a decisão clínica mais embasada em evidências para o médico generalista no manejo da lombalgia não complicada?",
    "options": [
      "Pedir uma RM imediatamente para todos os pacientes com dor, independentemente dos sintomas.",
      "Tratar a dor apenas com gabapentinoides, devido à alta severidade.",
      "Não correlacionar diretamente dor com achado de exame, e adiar a solicitação de exames de imagem (RM) para lombalgias de ritmo mecânico por, no mínimo, 3 meses, se não houver má evolução, para evitar tratamento inadequado de achados incidentais.",
      "Encaminhar todos os casos para o neurocirurgião, pois a degeneração indica cirurgia.",
      "Realizar apenas agulhamento a seco sem qualquer outra orientação."
    ],
    "correctIndex": 2,
    "explanation": "A alta prevalência de degeneração da coluna em pacientes assintomáticos mostra que não há correlação direta entre dor e achado de exame [17]. O manejo recomendado é atrasar a solicitação de exames de imagem até que se observe má evolução após 3 meses de tratamento [11, 29], focando inicialmente em orientações, ritmo e função muscular [17].",
    "type": "raciocínio"
  },
   {
    "question": "No acrônimo PQRST, utilizado na Atenção Primária à Saúde (APS) para sistematizar a abordagem da dor, o que o 'P' representa?",
    "options": [
      "Processo inflamatório ou neuropático.",
      "Postura do paciente e sua profissão.",
      "Provoca ou Palia (o que desencadeia ou o que alivia a dor).",
      "Prioridade do tratamento e prognóstico.",
      "Prevalência e incidência do quadro doloroso."
    ],
    "correctIndex": 2,
    "explanation": "O acrônimo PQRST (não o eletro) é um guia de raciocínio clínico, onde o 'P' representa o que Provoca e o que Palia a dor [1, 2].",
    "type": "conteudista"
  },
  {
    "question": "O PQRST é dividido em Qualificação (PQR) e Quantificação (ST) da dor. Qual é a principal característica da etapa de Qualificação (PQR)?",
    "options": [
      "Avaliação do impacto socioeconômico e tempo de duração.",
      "Enfoque exclusivo no uso de anti-inflamatórios e relaxantes musculares.",
      "Momento de conversa, anamnese e exame físico para formular hipóteses diagnósticas.",
      "Uso de escalas numéricas de 0 a 10 para medir a intensidade.",
      "Revisão dos exames de imagem, como ressonância magnética."
    ],
    "correctIndex": 2,
    "explanation": "A Qualificação da dor (PQR) é o momento da anamnese, conversa e exame físico para chegar às hipóteses [1, 2].",
    "type": "conteudista"
  },
  {
    "question": "A Lombalgia Localizada é definida como a dor percebida entre quais limites anatômicos?",
    "options": [
      "Entre a nuca e o ombro.",
      "Abaixo da prega glútea, na coxa.",
      "Entre as últimas costelas e a prega glútea.",
      "Apenas na região do sacro e cóccix.",
      "Acima da cintura escapular."
    ],
    "correctIndex": 2,
    "explanation": "Dor lombar é definida como uma dor percebida entre as últimas costelas e a prega glútea [3, 4].",
    "type": "conteudista"
  },
  {
    "question": "Na lombalgia localizada, a grande maioria dos casos (97%) apresenta qual característica de ritmo de dor?",
    "options": [
      "Ritmo neuropático.",
      "Ritmo nociplástico.",
      "Ritmo inflamatório.",
      "Ritmo central.",
      "Ritmo mecânico."
    ],
    "correctIndex": 4,
    "explanation": "A maioria das lombalgias localizadas (97%) são de ritmo mecânico [4, 5].",
    "type": "conteudista"
  },
  {
    "question": "Em relação à abordagem da dor na APS, o que o conceito de 'Severidade' (S do PQRST) busca avaliar, além da intensidade da dor?",
    "options": [
      "Apenas o nível de comprometimento neurológico.",
      "O tempo de duração da dor em meses.",
      "A intensidade e a experiência da doença, avaliando o impacto no dia a dia do paciente.",
      "Se a dor é passível de tratamento cirúrgico.",
      "A qualidade da dor (se é pontada, queimação, etc.)."
    ],
    "correctIndex": 2,
    "explanation": "A severidade está preocupada com a intensidade e a experiência da doença, o que diz muito sobre o impacto no dia a dia [2, 6].",
    "type": "conteudista"
  },
  {
    "question": "A dor de Ritmo Mecânico é tipicamente caracterizada por qual padrão de variação?",
    "options": [
      "Piora à noite e melhora com atividade e movimento, sugerindo um componente inflamatório.",
      "Permanece constante, independentemente de postura ou atividade.",
      "Piora ao movimento e está associada a posturas prolongadas, envolvendo o sistema musculoesquelético.",
      "Melhora com estresse emocional e piora com repouso.",
      "É exclusivamente desencadeada pela tosse ou espirro."
    ],
    "correctIndex": 2,
    "explanation": "Dor de ritmo mecânico é aquela que piora ao movimento e pode estar associada com posturas prolongadas, sendo ligada ao sistema muscular e esquelético [7].",
    "type": "conteudista"
  },
  {
    "question": "Qual é a principal característica da Dor Miofascial, que pode ocorrer na lombalgia localizada?",
    "options": [
      "É uma dor exclusivamente neuropática, sem componente muscular.",
      "É uma dor que afeta a estrutura óssea da coluna.",
      "É causada por um músculo que está contraído (trigger point ou 'nozinho'), gerando dor pontual e irradiada por contiguidade.",
      "É uma dor que melhora com a injeção de gabapentinoides.",
      "É um diagnóstico que só pode ser feito após ressonância magnética."
    ],
    "correctIndex": 2,
    "explanation": "Dor miofascial está associada ao 'trigger point', que é um músculo contraído, formando um nó, que pode ser tratado com agulhamento a seco [8, 9].",
    "type": "conteudista"
  },
  {
    "question": "Qual das seguintes perguntas-chave na anamnese sugere primariamente um acometimento da musculatura paravertebral, que atua na estabilização e rotação da coluna?",
    "options": [
      "A dor piora ao tossir ou espirrar?",
      "A dor piora ao virar na cama ou fazer movimentos rotatórios?",
      "A dor piora ao caminhar ou ficar em pé por longos períodos?",
      "A dor melhora com atividade física intensa?",
      "A dor irradia para abaixo do joelho?"
    ],
    "correctIndex": 1,
    "explanation": "A musculatura paravertebral é envolvida na estabilização e rotação. A queixa típica de seu acometimento é a piora da dor 'ao virar da cama' ou fazer movimentos rotatórios [10].",
    "type": "conteudista"
  },
  {
    "question": "Qual das perguntas-chave a seguir está relacionada principalmente ao envolvimento do glúteo médio, cuja função é estabilizar o quadril no movimento contralateral?",
    "options": [
      "A dor é constante, mesmo em repouso?",
      "A dor é sentida como queimação ou choque?",
      "A dor piora ao caminhar ou ao desestabilizar o movimento contralateral?",
      "A dor se restringe à região das costelas?",
      "A dor melhora com o uso de relaxantes musculares?"
    ],
    "correctIndex": 2,
    "explanation": "O glúteo médio é ativado para estabilizar o quadril durante a caminhada, e a queixa típica de seu acometimento é a dor que piora 'ao caminhar' [11].",
    "type": "conteudista"
  },
  {
    "question": "A sensibilização central é um fenômeno que transforma a dor e envolve estruturas do Sistema Nervoso Central (SNC). Quais estruturas estão envolvidas nesse processo?",
    "options": [
      "Apenas o nervo ciático e o plexo lombar.",
      "Apenas a articulação do joelho e o tornozelo.",
      "Encéfalo, tronco encefálico e medula espinhal.",
      "Ossículos da audição e a cóclea.",
      "As vértebras lombares e o disco intervertebral."
    ],
    "correctIndex": 2,
    "explanation": "A sensibilização central envolve o SNC, que inclui o encéfalo, tronco encefálico e medula espinhal [12].",
    "type": "conteudista"
  },
  {
    "question": "Na analogia da sensibilização central (diretoria, secretários, operários), qual é a função dos 'operários'?",
    "options": [
      "Dar o alarme final da dor (percepção).",
      "Ser o centro de modulação descendente.",
      "Continuar a dar estímulos de dor (músculo, inflamação) mesmo que o processo seja inibido.",
      "Esconder a dor para debaixo do tapete.",
      "Prescrever o tratamento final."
    ],
    "correctIndex": 2,
    "explanation": "Os operários continuam gerando estímulos ('é dor, é músculo, é inflamação'), sendo a fonte inicial do estímulo da dor, que precisa ser transmitido na cadeia [13].",
    "type": "conteudista"
  },
  {
    "question": "O Ritmo da Dor é definido como:",
    "options": [
      "Apenas o tempo total de duração da dor.",
      "A variação de um fenômeno com dadas circunstâncias nas quais mais ocorre ou se intensifica.",
      "O nível de radiação da dor para os membros inferiores.",
      "A qualidade da dor (se é em pontada ou queimação).",
      "A causa primária da dor (neuropática, nociceptiva ou nociplástica)."
    ],
    "correctIndex": 1,
    "explanation": "O ritmo da dor é a variação de um fenômeno com dadas circunstâncias nas quais mais ocorrem e/ou se intensifica [2, 6].",
    "type": "conteudista"
  },
  {
    "question": "Qual dos seguintes elementos do PQRST corresponde à Quantificação (ST) da dor?",
    "options": [
      "Provoca/Palia.",
      "Qualidade.",
      "Região.",
      "Severidade e Tempo.",
      "Apenas o Exame Físico."
    ],
    "correctIndex": 3,
    "explanation": "A Quantificação da dor é feita pelos componentes 'S' (Severidade, avaliando impacto) e 'T' (Tempo de duração) [2, 6].",
    "type": "conteudista"
  },
  {
    "question": "No contexto da sensibilização central, o 'surto' ou 'burnout' do secretário (que representa a modulação) resulta em qual consequência para a experiência dolorosa?",
    "options": [
      "Diminuição da intensidade da dor.",
      "O corpo deixa de perceber o estímulo doloroso.",
      "A dor se transforma, tornando-se muito mais intensa e sensível, pois a regulação do SNC falha.",
      "A dor é automaticamente resolvida com analgésicos simples.",
      "A dor passa a ser exclusivamente de ritmo inflamatório."
    ],
    "correctIndex": 2,
    "explanation": "O surto do secretário faz com que ele não consiga mais segurar os estímulos, e o que era um estímulo adequado se transforma em algo muito mais intenso e sensível, caracterizando a sensibilização central [13].",
    "type": "conteudista"
  },
  {
    "question": "A dor nociplástica, componente da experiência dolorosa, se refere a dores que envolvem qual mecanismo, conforme a descrição da aula?",
    "options": [
      "Apenas o estímulo doloroso clássico (nocicepção).",
      "Um processo que afeta diretamente a estrutura nervosa (neuropático).",
      "Alguma modulação neurosensitiva nas estruturas da medula ou do cérebro, sem lesão nervosa clara.",
      "Dano exclusivo ao disco intervertebral.",
      "Perda de força motora na perna."
    ],
    "correctIndex": 2,
    "explanation": "A dor nociplástica se refere a dores que não envolvem necessariamente lesão nervosa ou estímulo nociceptivo clássico, mas que existe 'alguma modulação neurosensitiva' no SNC [14].",
    "type": "conteudista"
  },
  {
    "question": "Um paciente relata dor lombar que piora consistentemente ao se levantar pela manhã e ao fazer esforços de flexão do tronco, mas melhora significativamente ao longo do dia com o aquecimento da musculatura. Que ritmo de dor é mais provável e qual estrutura está primariamente envolvida?",
    "options": [
      "Ritmo inflamatório, sugerindo espondiloartrite.",
      "Ritmo neuropático, sugerindo ciatalgia.",
      "Ritmo mecânico, sugerindo acometimento musculoesquelético ou postural.",
      "Sensibilização central, devido à variação do humor.",
      "Ritmo central, sugerindo fibromialgia."
    ],
    "correctIndex": 2,
    "explanation": "A dor de ritmo mecânico é aquela que piora com o movimento e posturas prolongadas (como ao acordar e fazer esforço) [5, 7]. O ritmo inflamatório, em contraste, piora com o repouso e melhora com a atividade [15].",
    "type": "raciocínio"
  },
  {
    "question": "Um paciente chega ao consultório com dor que irradia para a perna (lombociatalgia), mas a ressonância magnética (RM) não apresenta nenhuma lesão compressiva. Utilizando o raciocínio clínico da sensibilização central, como o médico de família deve interpretar a persistência dessa dor intensa?",
    "options": [
      "A dor é sempre simulada, pois não há lesão em RM.",
      "O paciente precisa de cirurgia imediata, independentemente do exame.",
      "A dor pode ser um fenômeno de sensibilização central, onde o SNC amplifica o estímulo, tornando a dor mais intensa (nociplástica), mesmo sem dano estrutural direto, exigindo uma abordagem focada nos fatores psicossociais.",
      "O diagnóstico está errado, devendo-se descartar a lombalgia.",
      "A dor só pode ser tratada com gabapentinoides, pois são os únicos eficazes sem lesão evidente."
    ],
    "correctIndex": 2,
    "explanation": "Até 60% das 'lombociatalgias' não apresentam lesão em RM [4, 16]. Isso indica que a dor pode ser gerada ou intensificada pela sensibilização central (componente nociplástico), onde a dor é amplificada no SNC, exigindo uma abordagem focada na experiência do adoecimento e fatores psicossociais [12, 17].",
    "type": "raciocínio"
  },
  {
    "question": "Ao aplicar o PQRST em um caso de lombalgia, a paciente relata dor 'muito forte (Severidade 9/10)' que a impede de cuidar dos netos (experiência do adoecimento). Por que o foco na 'Severidade' (S) é essencial na APS, conforme o Método Clínico Centrado na Pessoa (MCCP)?",
    "options": [
      "Porque a intensidade é o único fator que define o tratamento farmacológico.",
      "Porque a severidade comprova a presença de uma hérnia de disco.",
      "Porque a severidade está mais preocupada com a experiência da doença e o impacto funcional (Quantificação), que é o foco do MCCP ao tratar a pessoa e não apenas a patologia (dor).",
      "Porque a severidade dita o nível de dor nociceptiva, ignorando o componente emocional.",
      "Porque o médico de família deve apenas encaminhar casos de Severidade 9/10."
    ],
    "correctIndex": 2,
    "explanation": "A Severidade está preocupada com a intensidade e a experiência da doença, o que diz muito sobre o impacto no dia a dia [2, 6]. Isso se alinha com o MCCP, que foca na experiência do adoecimento, e não apenas na doença [18-20].",
    "type": "raciocínio"
  },
  {
    "question": "Um paciente com lombalgia queixando-se de dor que 'piora muito ao caminhar, ao ponto de ter que parar e sentar' deve ser interrogado primariamente sobre qual musculatura afetada, e por qual razão?",
    "options": [
      "Piriforme, devido à compressão do nervo ciático.",
      "Musculatura abdominal, devido à fraqueza do core.",
      "Glúteo médio, pois sua função de estabilização do quadril é mais exigida e falha durante a marcha.",
      "Psoas maior, pois sua função é a flexão do quadril.",
      "Isquiotibiais, devido ao encurtamento."
    ],
    "correctIndex": 2,
    "explanation": "A dor que piora ao caminhar está associada à disfunção do glúteo médio, cuja função é estabilizar o quadril no movimento contralateral, sendo ativado e forçado durante a marcha [11].",
    "type": "raciocínio"
  },
  {
    "question": "Qual das seguintes descrições do ritmo da dor corresponde ao Ritmo Inflamatório, em contraste com o Ritmo Mecânico, que é predominante na lombalgia localizada?",
    "options": [
      "Dor que piora ao virar na cama e melhora rapidamente com o uso de compressas quentes.",
      "Dor que é intensa, mas não varia com posturas ou movimentos.",
      "Dor que piora à noite e/ou com imobilização prolongada, mas melhora com o início da atividade ou movimento.",
      "Dor que melhora totalmente com o uso de AINEs e relaxantes musculares.",
      "Dor que irradia para abaixo do joelho, independente do horário."
    ],
    "correctIndex": 2,
    "explanation": "O ritmo inflamatório é caracterizado por uma dor que piora à noite e com imobilização, mas melhora com a atividade/movimento, um padrão contrário ao mecânico (que piora com movimento) [15].",
    "type": "raciocínio"
  },
  {
    "question": "Na abordagem da lombalgia irradiada, por que é crucial diferenciar se a irradiação da dor ocorre acima ou abaixo do joelho?",
    "options": [
      "Irradiação acima do joelho é sempre neuropática, e abaixo, sempre vascular.",
      "A irradiação abaixo do joelho (perna) indica, especificamente, um quadro que a IASP (2023) está renomeando para 'dor em perna associada à coluna'.",
      "A irradiação acima do joelho indica exclusivamente acometimento da coluna vertebral.",
      "Não há diferença clínica significativa, mas a documentação é exigida.",
      "Somente dores que irradiam para a coxa (acima do joelho) são consideradas lombociatalgias."
    ],
    "correctIndex": 1,
    "explanation": "A diferenciação (acima ou abaixo do joelho) é importante porque a dor que irradia abaixo do joelho é o padrão que o consenso IASP 2023 está abolindo o termo 'lombociatalgia' e preferindo 'dor em perna associada à coluna' [1, 2].",
    "type": "conteudista"
  },
  {
    "question": "Qual é o termo mais atual e recomendado pela IASP (2023) para descrever a dor que irradia para a perna (abaixo do joelho), substituindo o clássico 'lombociatalgia'?",
    "options": [
      "Dor Nociplástica Pura.",
      "Radiculopatia de Tronco.",
      "Dor em perna associada à coluna.",
      "Neuralgia do Nervo Femoral.",
      "Meralgia Parestésica."
    ],
    "correctIndex": 2,
    "explanation": "A IASP (Associação Internacional de Estudos para Dor) em 2023 está abolindo o termo 'lombociatalgia', especialmente para a dor que irradia abaixo do joelho, recomendando 'dor em perna associada à coluna' [1, 2].",
    "type": "conteudista"
  },
  {
    "question": "Qual é a principal limitação dos exames de imagem, como a Ressonância Magnética (RM), no diagnóstico da dor em perna associada à coluna (lombociatalgia clássica)?",
    "options": [
      "A RM só detecta lesões em pacientes acima de 60 anos.",
      "A RM não é capaz de detectar compressão de raiz nervosa.",
      "O exame possui alta prevalência de achados de degeneração (ex: hérnias) em pacientes assintomáticos, gerando baixa correlação direta entre achado radiológico e a experiência dolorosa do paciente.",
      "O exame é caro e sempre deve ser evitado.",
      "A RM só é útil para avaliar a musculatura paravertebral."
    ],
    "correctIndex": 2,
    "explanation": "Não existe correlação direta entre dor e achado nos exames [3]. A prevalência de degeneração (hérnia discal, degeneração) em pacientes assintomáticos é muito alta (ex: 30% dos assintomáticos de 40 anos têm hérnia) [3, 4].",
    "type": "conteudista"
  },
  {
    "question": "Na abordagem da lombalgia irradiada, qual é o tempo mínimo de má evolução que deve ser observado antes de o médico de família considerar a solicitação de exames de imagem, como a Ressonância Magnética (RM)?",
    "options": [
      "3 dias.",
      "2 semanas.",
      "3 meses.",
      "6 meses.",
      "1 semana."
    ],
    "correctIndex": 2,
    "explanation": "O raciocínio clínico recomenda tratar primeiro, ver quem sente e como é o iceberg, para depois de 3 meses, se não houver melhora, talvez pedir um exame de imagem [5].",
    "type": "conteudista"
  },
  {
    "question": "Qual é a porcentagem aproximada de pessoas que chegam com o padrão clássico de dor em perna associada à coluna (lombociatalgia) que, ao fazerem uma Ressonância Magnética (RM), não apresentam nenhuma lesão estrutural?",
    "options": [
      "Até 10%.",
      "Até 25%.",
      "Até 60% (2 a 3 em cada 5).",
      "Mais de 80%.",
      "Menos de 5%."
    ],
    "correctIndex": 2,
    "explanation": "Até 60% das pessoas que chegam com esse padrão de dor ('lombociatalgia clássica') não apresentam nada na ressonância, indicando que nem sempre a dor tem uma causa estrutural clara [2].",
    "type": "conteudista"
  },
  {
    "question": "A dor em perna associada à coluna pode ser causada por compressão muscular. Quais músculos são frequentemente citados como afetados, exercendo influência sobre o nervo ciático por contiguidade?",
    "options": [
      "Quadríceps e Tibial Anterior.",
      "Glúteo Máximo e Isquiotibiais.",
      "Glúteo Mínimo e Piriforme.",
      "Psoas Maior e Iliopsoas.",
      "Musculatura paravertebral."
    ],
    "correctIndex": 2,
    "explanation": "Na lombalgia irradiada, a abordagem inclui glúteo mínimo e piriforme. O nervo ciático emerge nessa região, sendo afetado pelo músculo edemaciado/contraído ('trigger point') [5, 6].",
    "type": "conteudista"
  },
  {
    "question": "Ao avaliar a prevalência de achados degenerativos em pacientes assintomáticos de 60 anos, qual a porcentagem aproximada que apresenta algum nível de degeneração discal ou de vértebras na RM?",
    "options": [
      "Cerca de 20%.",
      "Cerca de 50%.",
      "Quase 90%.",
      "Cerca de 40%.",
      "100%."
    ],
    "correctIndex": 2,
    "explanation": "Na faixa etária dos 60 anos, quase 90% das pessoas apresentam degeneração de escala, mesmo não reclamando de dor [4].",
    "type": "conteudista"
  },
  {
    "question": "O que o termo 'Bandeiras Amarelas' (*Yellow Flags*) representa no contexto da dor lombar, especialmente na APS?",
    "options": [
      "Sinais de alerta para tumores ou fraturas.",
      "Fatores de risco ambientais (ex: má postura) que podem ser corrigidos.",
      "Fatores psicossociais, emocionais e de crença (ex: estresse, solidão, ansiedade, desemprego) que perpetuam a dor crônica.",
      "Apenas a necessidade de um exame de imagem urgente.",
      "Sintomas exclusivamente neuropáticos."
    ],
    "correctIndex": 2,
    "explanation": "As Bandeiras Amarelas representam os fatores psicossociais contidos nas camadas profundas do 'iceberg' da dor (Tristeza, solidão, saudade, insatisfação, desemprego, estresse, ansiedade, etc.) [7, 8].",
    "type": "conteudista"
  },
  {
    "question": "Um músculo com 'trigger point' (ponto gatilho), como o piriforme, pode gerar uma dor irradiada. Qual o mecanismo fisiopatológico mais citado para essa irradiação, além da compressão mecânica direta no nervo ciático?",
    "options": [
      "Compressão medular grave.",
      "Sensibilização central, que amplifica os estímulos e transforma a dor em uma experiência mais intensa e difusa.",
      "Aumento da pressão intracraniana.",
      "Formação de coágulos venosos profundos.",
      "Infecção bacteriana da coluna."
    ],
    "correctIndex": 1,
    "explanation": "A dor irradiada pode ser gerada pelo próprio músculo afetado (trigger point) através do padrão de dor e pela sensibilização que pode ocorrer (sensibilização central), além do efeito de contiguidade no nervo ciático [5].",
    "type": "conteudista"
  },
  {
    "question": "A dor em perna associada à coluna que segue o padrão dos dermátomos (faixas específicas do corpo, ex: L4, L5, S1) sugere acometimento de qual estrutura?",
    "options": [
      "Apenas do glúteo médio.",
      "Da musculatura abdominal.",
      "Da raiz nervosa (radiculopatia) em um nível medular específico, refletindo a sensibilidade na faixa do corpo correspondente.",
      "Exclusivamente do tecido mole adjacente.",
      "Apenas de vasos sanguíneos."
    ],
    "correctIndex": 2,
    "explanation": "O padrão dos dermátomos sensitivos está associado ao comprometimento da raiz nervosa ou de um nível medular, onde a dor é distribuída na faixa do corpo afetada [6, 9].",
    "type": "conteudista"
  },
  {
    "question": "Para a dor que irradia, que é frequentemente neuropática, qual classe de medicamento é citada como de alto nível de evidência, mas com um Número Necessário para Causar Dano (NNH) relativamente alto?",
    "options": [
      "Analgésicos simples (Dipirona/Paracetamol).",
      "Relaxantes musculares (Ciclobenzaprina).",
      "Anti-inflamatórios não esteroidais (AINEs).",
      "Gabapentinoides (Pregabalina, Gabapentina).",
      "Inibidores da Bomba de Prótons."
    ],
    "correctIndex": 3,
    "explanation": "Para dor que irradia (neuropática), Gabapentinoides (Pregabalina, Gabapentina) são usados. O NNH (Número Necessário para Causar Dano) é de 6 a 8, indicando que a medicação pode causar efeitos adversos significativos em uma proporção considerável de pacientes [10, 11].",
    "type": "conteudista"
  },
  {
    "question": "Em termos de achados de imagem em pacientes assintomáticos, qual a prevalência de protusão ou hérnia discal em indivíduos de 40 anos que NÃO sentem dor?",
    "options": [
      "Cerca de 10%.",
      "Cerca de 30%.",
      "Cerca de 50%.",
      "Cerca de 70%.",
      "Cerca de 90%."
    ],
    "correctIndex": 1,
    "explanation": "Em pacientes de 40 anos assintomáticos, cerca de 30% já terão uma hérnia ou protusão discal (achado incidental) [3].",
    "type": "conteudista"
  },
  {
    "question": "No manejo da dor irradiada, o agulhamento a seco é uma técnica mencionada. Qual é o alvo primário do agulhamento a seco?",
    "options": [
      "A raiz nervosa comprimida.",
      "O disco intervertebral degenerado.",
      "O 'trigger point' ou 'nozinho', que é o músculo contraído que gera a dor miofascial/irradiada.",
      "A estrutura energética, seguindo a medicina oriental.",
      "O centro de sensibilização na medula espinhal."
    ],
    "correctIndex": 2,
    "explanation": "O agulhamento a seco visa o 'trigger point' (ponto gatilho), que é o músculo contraído (o 'nozinho'), tratando a questão mais física e patológica da musculatura [12].",
    "type": "conteudista"
  },
  {
    "question": "Qual é a principal implicação do fato de que a lombalgia irradiada nem sempre tem correlação com achados de lesão na RM (discordância clínico-radiológica)?",
    "options": [
      "A dor irradiada é sempre puramente psicossomática.",
      "O médico deve sempre tratar a dor com cirurgia, independentemente do exame.",
      "A intervenção deve focar na abordagem clínica, funcional, e nos fatores psicossociais (iceberg) e, caso se peça o exame, o médico deve evitar tratar um achado incidental (como uma hérnia assintomática) como a causa primária da dor.",
      "O exame de imagem deve ser solicitado na primeira consulta para orientar o tratamento.",
      "A dor irradiada não necessita de tratamento."
    ],
    "correctIndex": 2,
    "explanation": "Não existe correlação direta entre dor e achado nos exames [3]. Se o médico trata o achado da coluna (como uma hérnia), mas a dor está no músculo, o tratamento será ineficaz. O foco deve ser na experiência do adoecimento e na função [13].",
    "type": "conteudista"
  },
  {
    "question": "Qual é o principal fator que distingue a 'Bandeira Vermelha' (*Red Flag* - não detalhada nos materiais, mas implícita na necessidade de investigação urgente) de um quadro comum de lombalgia mecânica?",
    "options": [
      "O fato de a dor ser de ritmo mecânico e melhorar ao caminhar.",
      "A presença de dor que se irradia apenas para a coxa.",
      "Sinais de alerta graves que sugerem patologias sérias (ex: fratura, tumor, síndrome da cauda equina, infecção), exigindo investigação imediata (em contraste com a espera de 3 meses).",
      "O achado de degeneração na RM em um paciente assintomático.",
      "O uso de anti-inflamatórios como primeira linha de tratamento."
    ],
    "correctIndex": 2,
    "explanation": "Enquanto a maioria das lombalgias não requer investigação imediata (devido à baixa correlação com lesão), as 'Bandeiras Vermelhas' representam sinais de alarme que indicam condições graves (como tumor ou infecção/neurológicas) que anulam a regra dos 3 meses e exigem investigação imediata, evitando os 'desencontros' clínicos [2].",
    "type": "conteudista"
  },
  {
    "question": "Um paciente de 35 anos chega ao consultório com dor que irradia abaixo do joelho (padrão 'dor em perna associada à coluna'), com início há 4 semanas, sem febre ou déficits neurológicos. Qual a decisão clínica mais correta em relação à solicitação de exame de imagem (RM)?",
    "options": [
      "Solicitar a RM imediatamente para confirmar a compressão nervosa.",
      "Informar ao paciente que o exame de imagem não é recomendado neste momento e iniciar tratamento focado em orientação (estrutura/função/ritmo) e anti-inflamatórios/relaxantes, e reavaliar a imagem somente após 3 meses de má evolução.",
      "Encaminhar imediatamente para cirurgia de coluna.",
      "Solicitar apenas radiografia simples da coluna lombar.",
      "Prescrever Gabapentina de imediato, devido ao alto NNH."
    ],
    "correctIndex": 1,
    "explanation": "A RM deve ser adiada, pois a regra clínica geral para lombalgia não complicada é esperar 3 meses de má evolução [5]. Além disso, 40% a 60% desses pacientes não apresentam lesão na RM, e solicitar o exame pode levar a um tratamento inadequado [2, 13].",
    "type": "raciocínio"
  },
  {
    "question": "Um paciente de 45 anos com dor lombar crônica irradiada, com 8 meses de duração, realiza uma RM que mostra uma pequena hérnia discal L5-S1. No entanto, ele relata que a dor piora dramaticamente quando ele está ansioso ou estressado. Qual é a interpretação mais provável dessa discordância clínico-radiológica?",
    "options": [
      "A hérnia é a única causa da dor, e os fatores emocionais são irrelevantes.",
      "O paciente precisa de cirurgia de urgência, pois a hérnia é a causa primária.",
      "A hérnia discal é provavelmente um achado incidental e assintomático, e a dor real é impulsionada pela sensibilização central e fatores psicossociais ('iceberg'), exigindo neuromoduladores (tricíclicos) e manejo da ansiedade/estresse.",
      "O exame de RM deve ser repetido a cada mês.",
      "O paciente deve ser tratado apenas com analgésicos simples."
    ],
    "correctIndex": 2,
    "explanation": "Achados de degeneração são comuns em assintomáticos (30% dos 40 anos têm hérnia) [3]. A dor que piora com estresse/ansiedade aponta para as camadas profundas do 'iceberg' e para a Sensibilização Central (o 'secretário' sobrecarregado), que amplifica o estímulo doloroso [7, 14].",
    "type": "raciocínio"
  },
  {
    "question": "Qual das seguintes descrições de dor sugere a ativação do mecanismo de Sensibilização Central, sendo crucial para o raciocínio clínico na lombalgia irradiada crônica?",
    "options": [
      "Dor que melhora significativamente com repouso absoluto.",
      "Dor que piora ao virar na cama e pela manhã, sugerindo componente mecânico.",
      "Dor que piora com estresse emocional, fadiga e tem caráter difuso/desproporcional, indicando que o sistema nervoso central está amplificando os estímulos ('o secretário surtou').",
      "Dor exclusivamente localizada entre as costelas e a prega glútea.",
      "Dor que melhora apenas com massagem local e compressa quente."
    ],
    "correctIndex": 2,
    "explanation": "A sensibilização central intensifica a experiência dolorosa [15]. Fatores como estresse, ansiedade e cansaço são as 'camadas profundas' do iceberg [7, 8] que levam o sistema (o 'secretário') a falhar na inibição, amplificando a dor [14].",
    "type": "raciocínio"
  },
  {
    "question": "Um paciente de 60 anos com lombalgia crônica irradida, sem má evolução recente, decide fazer uma RM particular contra a orientação médica, que revela degeneração avançada (quase 90% dos assintomáticos dessa idade a têm). Para gerenciar a expectativa do paciente, qual a principal ferramenta de comunicação a ser utilizada pelo médico?",
    "options": [
      "Utilizar o Protocolo SPIKES (comunicação de notícias difíceis) para explicar que os achados de degeneração são comuns em pessoas assintomáticas e que a imagem não se correlaciona diretamente com a dor que ele sente, direcionando o foco para a melhora da função.",
      "Sugeri-lo a ignorar o exame de imagem completamente.",
      "Afirmar que a dor é imaginária, já que a degeneração é normal para a idade.",
      "Incentivá-lo a buscar a 'cura da melancolia' através de terapias alternativas.",
      "Encaminhar imediatamente para a cirurgia para corrigir a degeneração."
    ],
    "correctIndex": 0,
    "explanation": "O paciente chega com uma expectativa baseada no achado de imagem. O médico deve utilizar ferramentas de comunicação (como o Protocolo SPIKES, citado para lidar com notícias difíceis ou a experiência dolorosa subjetiva [13, 16]) para orientar que os achados degenerativos são prevalentes em assintomáticos (quase 90% aos 60 anos) e que não há correlação direta com a dor [3, 4, 13].",
    "type": "raciocínio"
  },
  {
    "question": "Qual dos seguintes padrões de piora da dor, na lombalgia irradiada, seria um forte indicador de uma 'Bandeira Vermelha' (necessidade de investigação urgente), que contradiz a recomendação de esperar 3 meses?",
    "options": [
      "Dor que piora ao caminhar longas distâncias e melhora ao sentar, sugerindo claudicação (vascular ou neurogênica).",
      "Dor que piora ao virar na cama e pela manhã, sugerindo componente mecânico.",
      "Dor que piora à noite e não melhora com repouso, sugerindo origem inflamatória ou neoplásica (Red Flag).",
      "Dor que piora com estresse emocional e fadiga, sugerindo sensibilização central.",
      "Dor que piora exclusivamente após exercícios intensos."
    ],
    "correctIndex": 2,
    "explanation": "O ritmo inflamatório, caracterizado por dor que piora à noite ou que não melhora com repouso [17], está frequentemente associado a processos patológicos graves (como tumores ou infecções vertebrais) e é um sinal clássico de 'Bandeira Vermelha' que exige investigação imediata, quebrando a regra dos 3 meses de espera [2, 5].",
    "type": "raciocínio"
  },
   {
    "question": "Quais métodos centrais (além do técnico) são listados para orientar a abordagem e tratamento da lombalgia, reforçando a importância de focar na pessoa?",
    "options": [
      "Apenas o BERA e a Audiometria.",
      "Apenas o PQRST e a Ressonância Magnética.",
      "O Método Clínico Centrado na Pessoa (MCCP) e o Sistema de Informação para o Encontro (SIFE).",
      "O Protocolo de Cirurgia Imediata (PCI) e o Bloqueio Paraespinhoso.",
      "O uso exclusivo de Anti-inflamatórios e Relaxantes Musculares."
    ],
    "correctIndex": 2,
    "explanation": "As ferramentas para a abordagem incluem o MCCP (Método Clínico Centrado na Pessoa) e o SIFE (Sistema de Informação para o Encontro) [1]. O MCCP é crucial porque a dor é uma experiência subjetiva e exige o foco na pessoa, e não na doença [2].",
    "type": "conteudista"
  },
  {
    "question": "Qual ferramenta de comunicação é explicitamente mencionada para ajudar o médico a transmitir informações complexas, abstratas ou potencialmente negativas ao paciente com dor crônica?",
    "options": [
      "O Protocolo PQRST.",
      "O Protocolo de comunicação de notícias difíceis (SPIKES).",
      "O Método Clínico Centrado na Doença (MCCD).",
      "O Acrônimo NNH.",
      "O Teste de Lasègue modificado."
    ],
    "correctIndex": 1,
    "explanation": "Ferramentas de comunicação como o protocolo SPIKES (comunicação de notícias difíceis) são importantes para amenizar o sofrimento na comunicação sobre a dor e a experiência dolorosa, que pode ser abstrata e difícil [1, 3, 4].",
    "type": "conteudista"
  },
  {
    "question": "Qual é a principal orientação não farmacológica que o médico pode dar ao paciente com lombalgia, baseada no raciocínio clínico da fisiopatologia?",
    "options": [
      "Restrição de líquidos e dieta com alto teor de sódio.",
      "Recomendação de repouso absoluto por mais de 3 meses.",
      "Orientações com base na estrutura, função e ritmo da dor, informando o que pode piorar e o que pode melhorar o quadro.",
      "Uso constante e sem limite de AINEs.",
      "Encaminhamento imediato para cirurgia de coluna."
    ],
    "correctIndex": 2,
    "explanation": "Orientações não farmacológicas incluem o raciocínio clínico sobre estrutura, função e ritmo, permitindo que o médico dê informações sobre o que pode melhorar ou desencadear a dor com base na fisiopatologia do paciente [1, 5].",
    "type": "conteudista"
  },
  {
    "question": "Qual é a classe de medicamentos considerada de Primeira Linha para o tratamento farmacológico da lombalgia, segundo evidências?",
    "options": [
      "Opioides fortes, como a Morfina.",
      "Anticonvulsivantes (Gabapentinoides).",
      "Analgésicos simples (Dipirona e Paracetamol).",
      "Anti-inflamatórios Não Esteroidais (AINEs), para uso a curto prazo.",
      "Relaxantes musculares como primeira linha isolada."
    ],
    "correctIndex": 3,
    "explanation": "A primeira linha baseada em evidências para o tratamento farmacológico são os Anti-inflamatórios Não Esteroidais (AINEs) [6]. O uso de analgésicos simples geralmente não é tão eficaz para lombalgia [6].",
    "type": "conteudista"
  },
  {
    "question": "Para o tratamento da dor lombar, qual é o papel primário dos relaxantes musculares, e qual o exemplo de droga clássica citada?",
    "options": [
      "Tratar a dor neuropática e a sensibilização central (ex: Pregabalina).",
      "Atuar como primeira linha de tratamento para dor inflamatória (ex: Ibuprofeno).",
      "Ajudar no componente musculoesquelético de rigidez e contração (ex: Ciclobenzaprina), com uso a curto prazo.",
      "Tratar apenas a dor que irradia abaixo do joelho.",
      "Substituir a necessidade de fisioterapia."
    ],
    "correctIndex": 2,
    "explanation": "O relaxante muscular é útil porque a lombalgia envolve frequentemente a musculatura (paravertebral, glúteo) [7]. Ciclobenzaprina (Osn*n, Famos*) é citada como um relaxante muscular clássico [7].",
    "type": "conteudista"
  },
  {
    "question": "Além dos AINEs e relaxantes, qual tipo de tratamento não farmacológico é citado como tendo um efeito de relaxamento muscular similar ao relaxante?",
    "options": [
      "Agulhamento úmido.",
      "Compressa quente.",
      "Fazer agulhamento a seco.",
      "Compressa fria.",
      "Restrição alimentar completa."
    ],
    "correctIndex": 1,
    "explanation": "A compressa quente costuma ter um efeito de relaxamento muscular, um tipo de orientação que pode ser dada antes da prescrição de remédios [7].",
    "type": "conteudista"
  },
  {
    "question": "Em quais situações, principalmente, os antidepressivos tricíclicos (como a Amitriptilina) podem ser indicados no tratamento da dor lombar?",
    "options": [
      "Exclusivamente em casos de hérnia de disco grave.",
      "Quando há apenas um componente nociceptivo clássico.",
      "Principalmente quando há um componente psicossocial (como estresse/ansiedade) ou sensibilização central, tornando a dor fora do normal.",
      "Como substituto direto dos AINEs em todos os casos.",
      "Apenas para tratar insônia, sem efeito sobre a dor."
    ],
    "correctIndex": 2,
    "explanation": "Os tricíclicos (como Amitriptilina) são usados principalmente quando o médico pensa em um componente psicossocial ou naquela sensibilização central, fazendo a dor se manifestar de forma mais intensa ou fora do padrão normal [8].",
    "type": "conteudista"
  },
  {
    "question": "O que o conceito de NNH (Número Necessário para Causar Dano) representa no contexto dos Gabapentinoides (Pregabalina/Gabapentina) para dor?",
    "options": [
      "O número de pacientes que precisa ser tratado para um ter melhora.",
      "O número de pacientes que, ao serem tratados, um sofrerá um efeito adverso significativo (dano).",
      "O número de médicos que prescrevem essa droga sem base em evidências.",
      "O tempo necessário para a droga começar a fazer efeito.",
      "A dose máxima tolerada da medicação."
    ],
    "correctIndex": 1,
    "explanation": "NNH (Número Necessário para Causar Dano) é o inverso do NNT (Número Necessário para Tratar) e foca no risco, indicando quantos pacientes tratados causarão um dano [8].",
    "type": "conteudista"
  },
  {
    "question": "Qual o valor aproximado do NNH (Número Necessário para Causar Dano) citado para os Gabapentinoides, sugerindo cautela na prescrição?",
    "options": [
      "NNH 15 a 20.",
      "NNH 6 a 8.",
      "NNH < 3.",
      "NNH > 50.",
      "NNH 1 a 2."
    ],
    "correctIndex": 1,
    "explanation": "Os Gabapentinoides apresentam um NNH de 6 a 8, o que significa que, para cada 6 a 8 pessoas tratadas, uma pode sofrer um dano (efeito adverso significativo), exigindo que o médico pondere bem o risco/benefício [1, 8, 9].",
    "type": "conteudista"
  },
  {
    "question": "Qual dos seguintes efeitos adversos é comumente associado à prescrição de Gabapentinoides, que o médico deve comunicar ao paciente?",
    "options": [
      "Dor de cabeça intensa.",
      "Constipação e boca seca.",
      "Sonolência, risco de queda e falta de adaptação.",
      "Hipertensão arterial e taquicardia.",
      "Aumento do apetite e perda de peso."
    ],
    "correctIndex": 2,
    "explanation": "É comum o médico prescrever e já comunicar os efeitos como sonolência, risco de queda (pode te deixar sonolento, pode te deixar grogue) ou falta de adaptação [9].",
    "type": "conteudista"
  },
  {
    "question": "O que caracteriza o Agulhamento a Seco (Dry Needling) em contraste com a acupuntura tradicional?",
    "options": [
      "O agulhamento a seco foca em pontos energéticos e medicina oriental.",
      "O agulhamento a seco é uma prática que utiliza agulhas com anestésicos (infiltração).",
      "O agulhamento a seco foca na questão mais física e patológica, visando desativar os 'trigger points' (pontos-gatilho) no músculo contraído.",
      "O agulhamento a seco é proibido pela medicina baseada em evidências.",
      "O agulhamento a seco é usado apenas para dor neuropática."
    ],
    "correctIndex": 2,
    "explanation": "O agulhamento a seco é uma prática focada na questão patológica e muscular, visando desativar o 'trigger point' (o 'nozinho'), diferentemente da acupuntura que envolve a questão energética [10].",
    "type": "conteudista"
  },
  {
    "question": "Qual é a principal diferença entre o Agulhamento a Seco e o Agulhamento Úmido (Wet Needling)?",
    "options": [
      "O agulhamento a seco é usado para dor crônica e o úmido para dor aguda.",
      "O agulhamento úmido é realizado com o uso de anestésicos (infiltração) para bloquear ou diminuir estímulos de dor [11].",
      "O agulhamento úmido é o único que foca em 'trigger points'.",
      "O agulhamento a seco é feito com agulhas finas e o úmido com agulhas grossas.",
      "Ambos são idênticos e os termos são sinônimos."
    ],
    "correctIndex": 1,
    "explanation": "O agulhamento úmido é quando o procedimento é feito com anestésicos, como se fosse uma infiltração, com a perspectiva de diminuir os estímulos nervosos de dor [11].",
    "type": "conteudista"
  },
  {
    "question": "A abordagem da 'Saúde do Trabalhador' na APS foca em qual aspecto do adoecimento, diferentemente da 'Medicina Ocupacional'?",
    "options": [
      "Foca exclusivamente nas intervenções individuais no trabalhador.",
      "Foca no processo de trabalho, na organização e na atividade que a pessoa exerce, visando modificar o trabalho se ele for a causa do adoecimento.",
      "Foca apenas em emitir atestados para a previdência social.",
      "Foca em tratar apenas doenças não relacionadas à dor.",
      "Foca na prescrição de AINEs de longo prazo para todos os trabalhadores."
    ],
    "correctIndex": 1,
    "explanation": "A Saúde do Trabalhador olha para o processo, organização e atividade do trabalho, enquanto a Medicina Ocupacional tende a olhar para o trabalhador em si, buscando intervir no indivíduo [1, 12].",
    "type": "conteudista"
  },
  {
    "question": "Em caso de lombalgia relacionada ao processo de trabalho, o médico de família deve obrigatoriamente realizar qual ação administrativa, conforme as diretrizes da Saúde do Trabalhador?",
    "options": [
      "Atrasar o diagnóstico por 3 meses.",
      "Prescrever somente acupuntura.",
      "Realizar a notificação compulsória da doença ocupacional.",
      "Solicitar um exame de imagem imediatamente.",
      "Apenas aconselhar o paciente a procurar outro emprego."
    ],
    "correctIndex": 2,
    "explanation": "Tudo que é ocupacional é passível de notificação compulsória. O médico deve registrar que aquilo está acontecendo para que o sistema tome providências [1, 6, 12].",
    "type": "conteudista"
  },
  {
    "question": "Para o tratamento da lombalgia, por que é recomendado usar AINEs e relaxantes musculares apenas a curto prazo, mesmo sendo a primeira linha?",
    "options": [
      "Para aumentar a eficácia dos Gabapentinoides.",
      "Porque o uso crônico pode levar à dependência e vício.",
      "Para evitar a cronificação do quadro e o aumento dos efeitos adversos (ex: gastrointestinais e renais) do uso prolongado de AINEs.",
      "Porque a lombalgia aguda se torna crônica em 97% dos casos.",
      "Porque a acupuntura tem maior eficácia no longo prazo."
    ],
    "correctIndex": 2,
    "explanation": "Os AINEs devem ser usados a curto prazo [6]. O uso prolongado aumenta o risco de efeitos adversos, e o papel do médico é a 'desprescrição' quando o paciente já chega tomando cronicamente [7].",
    "type": "conteudista"
  },
  {
    "question": "Um paciente com dor lombar crônica apresenta Severidade 9/10 e relata que a dor se intensifica com desemprego, estresse e falta de lazer. Baseado na analogia do 'iceberg' [13] e no MCCP, qual é a abordagem mais integral e correta para iniciar o tratamento?",
    "options": [
      "Focar apenas no componente nociceptivo, prescrevendo alta dose de AINEs e Gabapentinoides, ignorando o contexto social.",
      "Reconhecer a dor como tristeza/estresse/fome (componentes profundos do iceberg), abordar os fatores psicossociais e iniciar orientações não farmacológicas (estrutura/função/ritmo) antes ou junto com a farmacoterapia.",
      "Solicitar ressonância magnética imediata para provar a dor neuropática.",
      "Internar o paciente para avaliação psiquiátrica imediata.",
      "Apenas prescrever Amitriptilina, pois cobre todos os aspectos."
    ],
    "correctIndex": 1,
    "explanation": "A dor pode ser 'Tristeza, solidão, saudade, desemprego...' [13, 14]. A abordagem integral, conforme o MCCP, exige que o médico dê enfoque na experiência do adoecimento e alcance essas camadas profundas, integrando orientações e tratando o contexto, não apenas a queixa [3, 15].",
    "type": "raciocínio"
  },
  {
    "question": "Um médico atende três trabalhadores de uma mesma fábrica com lombalgia de ritmo mecânico. Ao investigar, descobre que a queixa está diretamente ligada à postura inadequada exigida no processo de produção. Qual a decisão de raciocínio crítico que deve ser tomada pelo médico, refletindo o princípio da 'Saúde do Trabalhador'?",
    "options": [
      "Tratar a dor individualmente com relaxantes musculares e esquecer o ambiente de trabalho.",
      "Aconselhar os pacientes a mudar de profissão.",
      "Realizar a notificação compulsória da doença ocupacional, reconhecendo que o problema reside na organização do trabalho e não apenas no indivíduo, e atuar para modificar o processo de trabalho.",
      "Recomendar o uso de Gabapentinoides para todos, devido à dor crônica.",
      "Atrasar o diagnóstico e a notificação por 6 meses, aguardando a má evolução."
    ],
    "correctIndex": 2,
    "explanation": "Quando o problema reside no trabalho e afeta várias pessoas ('tô num território atendendo várias pessoas que trabalham numa determinada fábrica'), o trabalho é a causa raiz [12]. A notificação compulsória e a modificação da organização do trabalho são as ações recomendadas na Saúde do Trabalhador [1, 12].",
    "type": "raciocínio"
  },
  {
    "question": "Um paciente com lombalgia aguda (menos de 12 semanas) chega já utilizando Dipirona e Paracetamol sem melhora. Qual o escalonamento terapêutico mais recomendado pela primeira linha, e qual a orientação não farmacológica deve acompanhá-lo?",
    "options": [
      "Iniciar Gabapentinoides (Pregabalina) e prescrever repouso absoluto.",
      "Suspender os analgésicos e iniciar AINEs de curta duração e/ou Relaxantes Musculares, orientando o paciente sobre a importância da atividade e compressa quente.",
      "Suspender AINEs e iniciar Amitriptilina imediatamente.",
      "Agulhamento úmido para todos os 'trigger points'.",
      "Solicitar ressonância magnética e encaminhar para fisioterapia sem qualquer medicação."
    ],
    "correctIndex": 1,
    "explanation": "Analgésicos simples não são a primeira linha eficaz [6]. O escalonamento sugere AINEs a curto prazo e Relaxantes Musculares [6, 7]. A orientação não farmacológica (calor, movimentação, ritmo da dor) é crucial para um plano compartilhado [5, 7].",
    "type": "raciocínio"
  },
  {
    "question": "O paciente com lombalgia irradiada não apresenta achados em RM, mas tem forte componente de sensibilização central e dor em perna associada à coluna. Baseado nos riscos dos Gabapentinoides (NNH 6-8), qual é o raciocínio terapêutico ideal?",
    "options": [
      "Prescrever Gabapentinoides imediatamente em dose máxima, ignorando o NNH.",
      "Utilizar agulhamento a seco para os 'trigger points' (se houver), considerar Tricíclicos (Amitriptilina) para a sensibilização e abordar os fatores psicossociais, adiando Gabapentinoides devido ao alto risco de dano e efeitos colaterais.",
      "Encaminhar para cirurgia de coluna, pois a sensibilização é irreversível.",
      "Prescrever apenas analgésicos simples e recomendar atividade física intensa.",
      "Fazer Agulhamento úmido e Agulhamento a seco simultaneamente, sem medicação."
    ],
    "correctIndex": 1,
    "explanation": "O Gabapentinoide tem NNH 6 a 8, exigindo que o médico pense bem antes de prescrever [9]. Nesses casos (dor irradiada com sensibilização), alternativas como Tricíclicos (que ajudam na sensibilização) [8] e agulhamento (para trigger points) [10] são tratamentos eficazes que trazem 'bastante eficácia no tratamento de dor, diferentemente do uso constante de medicações' [11].",
    "type": "raciocínio"
  },
  {
    "question": "O médico identifica que a dor do paciente é de ritmo mecânico, piorando ao virar na cama (sugerindo musculatura paravertebral [16]). Como o médico pode integrar medidas farmacológicas e não farmacológicas, neste caso?",
    "options": [
      "Prescrever opioides fortes e enviar para cirurgia.",
      "Prescrever AINEs e/ou Relaxantes Musculares a curto prazo, juntamente com a orientação sobre a função da musculatura paravertebral e uso de compressa quente na região lombar.",
      "Focar apenas no diagnóstico de hérnia de disco por meio de RM.",
      "Excluir qualquer tratamento não farmacológico, focando apenas nos Gabapentinoides.",
      "Sugestão de mudança imediata de emprego e residência."
    ],
    "correctIndex": 1,
    "explanation": "A dor de ritmo mecânico envolve tipicamente o sistema muscular e esquelético [17]. O tratamento inclui AINEs e Relaxantes Musculares [6, 7]. A orientação sobre a função muscular (o 'o que fazer, o que não fazer') e a compressa quente (relaxamento muscular) são as medidas não farmacológicas que se integram à medicação [5, 7].",
    "type": "raciocínio"
  }
]